Tag,Entity_number
AC,290
ACC,47
ACT,1
AD,2
ADM,45
AE,283
AED,18
AER,5
AFR,4
AHU,560
AI,10
AIC,26
AICR,23
AIDKIT,3
AIT,2228
ALH,3
ALP,2
ALR,77
AM,149
ANL,359
AR,4
AREA,8
ART,2
ARV,17
ASE,7
ASH,406
AT,63
ATS,1
AXA,1
BAT,51
BATT,1
BCF,8
BCU,1
BF,1
BFP,1093
BH,19
BL,225
BLD,5
BLDG,100
BN,6
BO,58
BOOST,6
BP,2
BRCH,1
BT,1
BTU,2
BU,98
BUS,203
BY,4
BYPS,1
C,247
CA,1
CAB,11
CAL,9
CAM,85
CAP,109
CB,1324
CBL,113
CBM,2
CE,7
CF,107
CG,1
CH,395
CHEM,3
CHL,98
CHR,9
CI,26
CL,19
CLAIR,1
CLB,13
CLR,42
CM,336
CMP,52
CMS,1
COM,319
CP,1852
CPU,90
CR,2
CRN,434
CS,8
CSA,2
CT,248
CTD,15
CTS,1
CU,151
CV,321
CWF,2
CYC,66
CYL,33
D,266
DA,396
DCU,4
DEF,22
DEU,1
DH,6
DIG,31
DIGFIT,1
DIS,10
DIST,3
DIT,21
DL,4
DM,2474
DP,134
DPI,13
DPIT,16
DR,684
DRN,11
DRP,1
DRV,269
DRY,2
DS,110
DT,57
DU,11
DWF,1
ECA,1
ECP,5
EF,28
EIMCO,5
ELE,1
ELQ,9
ELS,17
ELV,22
EM,4
EMG,36
ENG,15
ENJ,2
EQ,1
EQUIP,1
ESA,1
ESP,5
EV,103
EWS,2
EXT,18
EYE,34
F,761
FA,285
FAK,235
FAN,1
FAR,38
FCV,2
FD,42
FDT,18
FE,188
FENCE,1
FEQ,4230
FFIC,33
FH,3
FI,32
FIC,12
FICR,142
FIQ,1
FIR,74
FIT,2123
FLS,3
FM,135
FN,2216
FP,4
FPW,8
FQ,97
FQI,1
FQIR,21
FQIT,4
FS,208
FSH,100
FSL,1226
FSP,36
FSS,7
FST,8
FT,18
FTN,9
FU,6
FX,257
G,1210
GA,55
GB,2
GBP,8
GC,22
GD,37
GDR,75
GEN,212
GFI,47
GLV,4
GQ,54
GRF,47
GRI,1
GRIT,1
GRK,11
HC,12
HD,5
HDR,1
HE,577
HH,9
HIC,13
HIT,1
HMS,8
HMSB,1
HMSH,2
HPU,43
HRN,32
HS,202
HT,1
HTC,9
HTR,3558
HU,37
HWT,2
HY,7
HYD,9
I,5
IG,2
IGN,3
IIT,9
INC,2
INJ,44
INQ,42
INTLTG,3
IRG,9
JIT,821
JRT,518
JSL,6
L,1
LAD,55
LAG,2
LAX,5
LB,265
LC,3
LCP,1
LD,1297
LDIT,29
LDR,383
LE,89
LENS,1
LF,1
LFR,1
LGT,5
LHD,5
LI,48
LIC,4
LICR,11
LIT,1308
LN,3
LP,799
LPG,7
LPU,9
LR,2
LS,107
LSH,1181
LSHH,568
LSHHA,3
LSHHB,3
LSHL,49
LSL,706
LSLH,5
LSLL,283
LSM,8
LT,10
LTG,2888
LTX,1428
LVS,4
LWN,4
M,811
MAN,11
MAU,1
MCC,900
MCD,16
MCS,7
MDF,1
MEQ,183
METR,173
MEWP,14
MH,8
MON,125
MOV,6
MS,292
MSL,93
MT,134
MTR,1
MX,355
NEX,14
NGR,2
NGS,10
NR,133
NU,70
NX,199
NY,4
OCH,2
OIT,148
OZ,22
P,4564
PA,131
PACK,2
PD,42
PDI,118
PDIT,519
PDM,8
PDP,384
PDS,60
PDSH,70
PDSL,28
PDT,28
PE,29
PGM,29
PH,4
PHL,1
PI,614
PIC,1
PIP,273
PIT,1302
PLC,16
PLQ,37
PLS,2
PLT,1
PLTFSL,1
PLTLIT,1
PMI,10
POL,9
PPE,46
PRJ,53
PRM,3
PRNT,5
PRTY,35
PRV,40
PS,147
PSH,973
PSHA,2
PSHB,2
PSHH,2
PSHL,2
PSJ,1
PSL,969
PSLH,2
PSLL,28
PSU,13
PSV,15
PT,115
PV,1
PW,3
PWA,1
QCSA,2
QH,4
QUEN,3
RADIO,10
RAP,2
RC,29
RD,58
RE,35
REAC,12
RES,4
RH,5
RING,59
RM,1
ROUTE,1
RPU,1217
RT,2
RTU,38
RX,25
S,2
SAZ,1
SB,94
SBCP,1
SC,142
SCADA,4
SCAM,29
SCBA,238
SCR,12
SD,31
SE,24
SEC,1
SEN,4
SERV,2
SES,10
SF,5
SGEN,1
SH,34
SHOW,13
SIL,36
SIT,29
SKID,1
SL,13
SLD,11
SLFR,9
SM,16
SO,28
SP,103
SPD,2
SPL,57
SQ,2376
SRL,89
SRN,1
SS,104
SSH,26
SSL,72
ST,8
STA,3
STB,1
STN,1
STR,890
STRC,59
SU,1
SUB,9
SUP,1
SW,348
SWG,641
T,2112
TANK,2
TB,225
TC,33
TCV,5
TE,222
TEL,11
TES,1
TEST,7
TESTKIT,2
TF,8
THK,24
THS,2
TI,66
TIC,207
TIT,1210
TLX,2
TPA,1
TPB,4
TPD,52
TR,1068
TRG,14
TRK,2
TRL,2
TRW,4
TS,269
TSA,1
TSH,450
TSHA,2
TSHB,2
TSHH,7
TSL,261
TSLL,1
TT,434
TUN,1
UPS,1158
USH,2
UV,2
V,42275
VAV,22
VE,26
VEH,398
VEN,52
VENT,9
VFD,29
VIT,60
VPS,4
VSH,24
VSHH,6
VSS,68
VSTR,1
WA,2
WAP,6
WEL,214
WH,2
WIT,70
WN,2
WR,160
WS,6
WSC,56
WSH,8
XS,2
XSH,22
YAN,325
YE,6
YL,1
YS,1
ZHS,1
ZIT,4
ZONE,6
ZP,2
ZS,242
ZSH,363
ZSL,44
ZSM,3
ZT,5
